iteration,absolute,relative
0.000000000000000000e+00,1.020628038985536695e-01,1.000000000000000000e+00
1.000000000000000000e+00,5.516822846301670497e-08,5.405321660362349635e-07
