iteration,absolute,relative
0.000000000000000000e+00,9.363484506675703867e-02,1.000000000000000000e+00
1.000000000000000000e+00,5.093310517877836109e-08,5.439546051735928108e-07
