iteration,absolute,relative
0.000000000000000000e+00,1.107281251733333444e-01,1.000000000000000000e+00
1.000000000000000000e+00,6.194089788052825188e-08,5.593962489978605454e-07
