iteration,absolute,relative
0.000000000000000000e+00,8.934046547395019244e-02,1.000000000000000000e+00
1.000000000000000000e+00,5.251079880318686375e-08,5.877605240203042915e-07
