iteration,absolute,relative
0.000000000000000000e+00,1.173602425303787861e-01,1.000000000000000000e+00
1.000000000000000000e+00,6.953782609646254841e-08,5.925160394795761771e-07
