iteration,absolute,relative
0.000000000000000000e+00,9.918371238305409565e-02,1.000000000000000000e+00
1.000000000000000000e+00,5.797523730378960476e-08,5.845237681756192642e-07
