iteration,absolute,relative
0.000000000000000000e+00,7.741184948807741328e+00,1.000000000000000000e+00
1.000000000000000000e+00,2.866859227384744527e-04,3.703385523460828703e-05
2.000000000000000000e+00,1.394228976710645960e-11,1.801053696469786814e-12
