iteration,absolute,relative
0.000000000000000000e+00,8.824485425986766662e-02,1.000000000000000000e+00
1.000000000000000000e+00,5.019698974296335847e-08,5.688375845138897285e-07
