iteration,absolute,relative
0.000000000000000000e+00,1.172756645893602126e+03,1.000000000000000000e+00
1.000000000000000000e+00,3.357771768266196055e+00,2.863144523651523811e-03
2.000000000000000000e+00,7.348457469777663464e-05,6.265969581590714531e-08
3.000000000000000000e+00,1.324244274525066076e-11,1.129172261919722746e-14
