iteration,absolute,relative
0.000000000000000000e+00,1.417981027804083860e-01,1.000000000000000000e+00
1.000000000000000000e+00,9.259429325607722996e-08,6.530009318916682217e-07
