iteration,absolute,relative
0.000000000000000000e+00,1.886519134299069265e+02,1.000000000000000000e+00
1.000000000000000000e+00,6.101492922529195617e+00,3.234259759997710343e-02
2.000000000000000000e+00,2.274724257509363676e-02,1.205778524135950937e-04
3.000000000000000000e+00,1.226354286834462452e-07,6.500619392286793957e-10
