iteration,absolute,relative
0.000000000000000000e+00,3.098207960794491100e+02,1.000000000000000000e+00
1.000000000000000000e+00,9.707067832736348123e+01,3.133123391190018592e-01
2.000000000000000000e+00,1.012739527510153170e+00,3.268791315255837986e-03
3.000000000000000000e+00,8.389800424086073542e-04,2.707952639155516509e-06
4.000000000000000000e+00,7.359662927648110888e-10,2.375458013399730291e-12
