iteration,absolute,relative
0.000000000000000000e+00,3.424713288220412437e+02,1.000000000000000000e+00
1.000000000000000000e+00,1.405462489017692747e+02,4.103883656047641604e-01
2.000000000000000000e+00,5.289680059634990883e+00,1.544561431705622663e-02
3.000000000000000000e+00,1.308516671931956622e-02,3.820806478699134121e-05
4.000000000000000000e+00,5.108272164949031414e-08,1.491591188821370965e-10
