iteration,absolute,relative
0.000000000000000000e+00,1.007160938589338315e+02,1.000000000000000000e+00
1.000000000000000000e+00,8.416934556000519319e-01,8.357089948096623616e-03
2.000000000000000000e+00,2.459004231700294611e-05,2.441520652244967114e-07
3.000000000000000000e+00,2.634048296561833778e-12,2.615320149579237881e-14
