iteration,absolute,relative
0.000000000000000000e+00,3.644869858143878218e+02,1.000000000000000000e+00
1.000000000000000000e+00,7.920221837368060847e+01,2.172977951372281058e-01
2.000000000000000000e+00,2.907764806416163861e+00,7.977691713516818842e-03
3.000000000000000000e+00,2.592436041725478153e-03,7.112561333110686575e-06
4.000000000000000000e+00,2.414920914306475451e-09,6.625533992416001247e-12
