iteration,absolute,relative
0.000000000000000000e+00,1.585418593431912200e+02,1.000000000000000000e+00
1.000000000000000000e+00,1.449916602509932773e+01,9.145323566385947511e-02
2.000000000000000000e+00,1.799224922324944576e-01,1.134857967339850332e-03
3.000000000000000000e+00,3.134517030941469542e-05,1.977091125288411260e-07
4.000000000000000000e+00,2.658299606521020868e-12,1.676717819214339105e-14
