iteration,absolute,relative
0.000000000000000000e+00,3.788697742166913827e+02,1.000000000000000000e+00
1.000000000000000000e+00,3.135289628573522691e+01,8.275375450722337323e-02
2.000000000000000000e+00,6.830121442624742523e-01,1.802762296555837683e-03
3.000000000000000000e+00,1.220334900015414845e-03,3.220987745824914023e-06
4.000000000000000000e+00,5.268227106161662407e-10,1.390511322011278768e-12
