iteration,absolute,relative
0.000000000000000000e+00,4.195891126477323496e+02,1.000000000000000000e+00
1.000000000000000000e+00,7.143290709200164201e+01,1.702449013541812717e-01
2.000000000000000000e+00,6.619884925229323258e+00,1.577706552835910631e-02
3.000000000000000000e+00,6.852956912689631142e-02,1.633254225650763536e-04
4.000000000000000000e+00,5.447858267307785820e-06,1.298379319932821114e-08
5.000000000000000000e+00,2.748733533533493837e-12,6.551012527918481900e-15
