iteration,absolute,relative
0.000000000000000000e+00,1.306819411167232374e+02,1.000000000000000000e+00
1.000000000000000000e+00,2.732429408335763554e+01,2.090900536819541577e-01
2.000000000000000000e+00,2.859800518015103710e-01,2.188367033407294382e-03
3.000000000000000000e+00,7.700010916648592451e-05,5.892176723768629085e-07
4.000000000000000000e+00,1.002412599744337227e-11,7.670628329961800742e-14
