iteration,absolute,relative
0.000000000000000000e+00,3.891135011048892807e+02,1.000000000000000000e+00
1.000000000000000000e+00,1.395530987866953865e+02,3.586436820887320409e-01
2.000000000000000000e+00,1.928914661906703998e+01,4.957203120502227250e-02
3.000000000000000000e+00,5.250144244522860770e-01,1.349257794863209948e-03
4.000000000000000000e+00,6.972481795273627325e-04,1.791888941266555508e-06
5.000000000000000000e+00,1.876112359731238074e-09,4.821504148285807905e-12
