iteration,absolute,relative
0.000000000000000000e+00,3.252408097368941640e+02,1.000000000000000000e+00
1.000000000000000000e+00,1.885489925347029683e+01,5.797212000770475548e-02
2.000000000000000000e+00,3.047212633062862386e-01,9.369096810230938049e-04
3.000000000000000000e+00,1.603268353460384583e-04,4.929480881434773521e-07
4.000000000000000000e+00,9.982972916240756993e-12,3.069409685800669731e-14
