iteration,absolute,relative
0.000000000000000000e+00,4.201471589914489755e+02,1.000000000000000000e+00
1.000000000000000000e+00,6.871563517130535104e+01,1.635513502846365486e-01
2.000000000000000000e+00,4.079073157111713144e+00,9.708677233242299365e-03
3.000000000000000000e+00,1.976515008810261417e-02,4.704339816446285669e-05
4.000000000000000000e+00,5.352825952978571800e-07,1.274035974877915417e-09
