iteration,absolute,relative
0.000000000000000000e+00,2.812272625123410990e+02,1.000000000000000000e+00
1.000000000000000000e+00,4.006921137302948210e+01,1.424798258002142604e-01
2.000000000000000000e+00,3.904012206578482691e-01,1.388205457643767061e-03
3.000000000000000000e+00,3.772431117212760900e-05,1.341417287752184272e-07
4.000000000000000000e+00,3.416826466433187742e-12,1.214969856019292191e-14
