iteration,absolute,relative
0.000000000000000000e+00,3.602587034037237572e+02,1.000000000000000000e+00
1.000000000000000000e+00,2.722043219419707327e+01,7.555801410769112658e-02
2.000000000000000000e+00,2.671313436184701295e-01,7.414986538690489064e-04
3.000000000000000000e+00,5.707795138368316091e-05,1.584360095798123790e-07
4.000000000000000000e+00,3.635018119446887063e-12,1.009002165694607993e-14
