iteration,absolute,relative
0.000000000000000000e+00,3.612150545754769269e+02,1.000000000000000000e+00
1.000000000000000000e+00,6.228490745994874089e+01,1.724316488778407930e-01
2.000000000000000000e+00,1.675535560546597358e+00,4.638609435910123237e-03
3.000000000000000000e+00,7.287916694870560800e-04,2.017611559251257570e-06
4.000000000000000000e+00,4.286035171659550552e-10,1.186560503879544555e-12
