iteration,absolute,relative
0.000000000000000000e+00,1.023808121409092990e+02,1.000000000000000000e+00
1.000000000000000000e+00,4.433268247627453640e+00,4.330174917469725021e-02
2.000000000000000000e+00,2.559320473455127878e-02,2.499804816875910883e-04
3.000000000000000000e+00,1.155433317928256848e-07,1.128564321542990755e-09
