iteration,absolute,relative
0.000000000000000000e+00,1.269157361156890005e+02,1.000000000000000000e+00
1.000000000000000000e+00,1.913792975979160360e+01,1.507924103465513588e-01
2.000000000000000000e+00,2.393519676654499440e-01,1.885912456492161134e-03
3.000000000000000000e+00,1.045094289715402269e-04,8.234552481047387048e-07
4.000000000000000000e+00,1.977207792212230318e-11,1.557890181884083056e-13
