iteration,absolute,relative
0.000000000000000000e+00,2.576352913572441139e+02,1.000000000000000000e+00
1.000000000000000000e+00,1.120583268434827673e+01,4.349494444381055147e-02
2.000000000000000000e+00,9.646899143630903450e-02,3.744401278571051926e-04
3.000000000000000000e+00,6.377752825207085607e-06,2.475496579528586262e-08
4.000000000000000000e+00,3.070172758259693266e-12,1.191673990813047506e-14
