iteration,absolute,relative
0.000000000000000000e+00,4.218525072689673152e+02,1.000000000000000000e+00
1.000000000000000000e+00,5.786792578524953257e+01,1.371757303515414306e-01
2.000000000000000000e+00,5.525423571622539498e+00,1.309799865216779678e-02
3.000000000000000000e+00,4.332317880812219107e-02,1.026974548251290392e-04
4.000000000000000000e+00,1.867591253109727032e-06,4.427119007067976682e-09
