iteration,absolute,relative
0.000000000000000000e+00,3.078824130077110226e+02,1.000000000000000000e+00
1.000000000000000000e+00,6.286799026596514750e+01,2.041948081795454673e-01
2.000000000000000000e+00,9.260133211754821847e-01,3.007685018865594809e-03
3.000000000000000000e+00,7.399925887813288937e-04,2.403490935231807283e-06
4.000000000000000000e+00,5.771928767591604961e-10,1.874718569081451529e-12
