iteration,absolute,relative
0.000000000000000000e+00,9.136505570308493418e+01,1.000000000000000000e+00
1.000000000000000000e+00,3.080637548385046109e+00,3.371789711808853562e-02
2.000000000000000000e+00,2.685022288516837174e-03,2.938784711347992653e-05
3.000000000000000000e+00,1.892623293721994291e-09,2.071495802369537511e-11
