iteration,absolute,relative
0.000000000000000000e+00,1.765239285494590149e+02,1.000000000000000000e+00
1.000000000000000000e+00,2.673396852239111166e+00,1.514467117408431485e-02
2.000000000000000000e+00,3.131880683343888716e-04,1.774196115551772807e-06
3.000000000000000000e+00,4.727971430813239100e-11,2.678374240627973237e-13
