iteration,absolute,relative
0.000000000000000000e+00,3.881918587792075073e+02,1.000000000000000000e+00
1.000000000000000000e+00,1.407271932058991695e+02,3.625196923203399813e-01
2.000000000000000000e+00,8.056290843374984689e+00,2.075337403703042191e-02
3.000000000000000000e+00,6.442399296945661158e-02,1.659591552797070625e-04
4.000000000000000000e+00,1.381993222206810549e-06,3.560077809341305675e-09
