iteration,absolute,relative
0.000000000000000000e+00,3.489339658598740357e+02,1.000000000000000000e+00
1.000000000000000000e+00,8.370995393132949403e+01,2.399019932755585838e-01
2.000000000000000000e+00,2.048848747892682898e+00,5.871737773775413671e-03
3.000000000000000000e+00,1.149009904589594734e-03,3.292915041268919077e-06
4.000000000000000000e+00,3.664487429981298642e-10,1.050195105240312073e-12
