iteration,absolute,relative
0.000000000000000000e+00,4.265673394460627605e+02,1.000000000000000000e+00
1.000000000000000000e+00,6.398468365977242911e+01,1.499990218258680508e-01
2.000000000000000000e+00,2.541625142712234275e+00,5.958321014479847806e-03
3.000000000000000000e+00,1.670833433563652728e-02,3.916927713531431456e-05
4.000000000000000000e+00,3.975351280490927660e-07,9.319399102737893400e-10
