iteration,absolute,relative
0.000000000000000000e+00,3.669063285548706403e+02,1.000000000000000000e+00
1.000000000000000000e+00,8.387006092646622335e+01,2.285871199245981533e-01
2.000000000000000000e+00,1.358965535797999724e+00,3.703848721145095065e-03
3.000000000000000000e+00,3.972958349515684148e-03,1.082826334766131025e-05
4.000000000000000000e+00,6.015230837228757735e-08,1.639445920957774783e-10
