iteration,absolute,relative
0.000000000000000000e+00,4.152772796567715545e+02,1.000000000000000000e+00
1.000000000000000000e+00,5.358962220334144888e+01,1.290453988901908988e-01
2.000000000000000000e+00,1.956866941648164548e+00,4.712193605355735962e-03
3.000000000000000000e+00,8.631291065626505235e-03,2.078440475424107880e-05
4.000000000000000000e+00,2.506837753216282645e-08,6.036539623087964007e-11
