iteration,absolute,relative
0.000000000000000000e+00,3.264064209301057531e+02,1.000000000000000000e+00
1.000000000000000000e+00,7.425513338705718525e+01,2.274928697035577818e-01
2.000000000000000000e+00,1.129787527717549311e+00,3.461290756775503488e-03
3.000000000000000000e+00,6.022261703601594412e-04,1.845019373834915071e-06
4.000000000000000000e+00,1.024352065423485641e-10,3.138271797792950602e-13
