iteration,absolute,relative
0.000000000000000000e+00,4.063121209277636581e+02,1.000000000000000000e+00
1.000000000000000000e+00,4.856344702013966952e+01,1.195225161121234170e-01
2.000000000000000000e+00,2.525021859593445939e+00,6.214488147259475230e-03
3.000000000000000000e+00,4.766233115586454398e-03,1.173047238832882493e-05
4.000000000000000000e+00,2.121181489272486099e-08,5.220571526217405642e-11
