iteration,absolute,relative
0.000000000000000000e+00,1.184832540896447028e+02,1.000000000000000000e+00
1.000000000000000000e+00,3.550749561260253984e+00,2.996836631929224865e-02
2.000000000000000000e+00,4.901600891838137943e-03,4.136956677548352340e-05
3.000000000000000000e+00,6.098411742266475015e-09,5.147066384294613142e-11
