iteration,absolute,relative
0.000000000000000000e+00,4.207178463561659782e+02,1.000000000000000000e+00
1.000000000000000000e+00,9.843824058088064533e+01,2.339768598680885270e-01
2.000000000000000000e+00,3.751186072703187158e+00,8.916156291424717426e-03
3.000000000000000000e+00,1.401920616874115233e-02,3.332210955670502045e-05
4.000000000000000000e+00,2.961079352796532705e-07,7.038159608493954267e-10
