iteration,absolute,relative
0.000000000000000000e+00,1.096840652400786951e+02,1.000000000000000000e+00
1.000000000000000000e+00,1.159850045444125755e+01,1.057446259769295183e-01
2.000000000000000000e+00,2.738432017273558644e-02,2.496654378445605101e-04
3.000000000000000000e+00,2.127418452484534845e-07,1.939587530629903700e-09
