iteration,absolute,relative
0.000000000000000000e+00,3.700355734059880888e+02,1.000000000000000000e+00
1.000000000000000000e+00,7.005601719904650793e+01,1.893223847486248945e-01
2.000000000000000000e+00,2.462882361819232369e+00,6.655798898332019112e-03
3.000000000000000000e+00,1.909416584559536344e-03,5.160089250296488336e-06
4.000000000000000000e+00,1.569163753813489922e-09,4.240575411088562766e-12
