iteration,absolute,relative
0.000000000000000000e+00,3.813108965454298982e+02,1.000000000000000000e+00
1.000000000000000000e+00,6.591830804962769719e+01,1.728728673815228822e-01
2.000000000000000000e+00,1.802050483197256137e+00,4.725934924816808415e-03
3.000000000000000000e+00,3.013617279415709439e-03,7.903307528628841059e-06
4.000000000000000000e+00,1.132966225965138150e-08,2.971240098904844844e-11
