iteration,absolute,relative
0.000000000000000000e+00,3.576747300710558193e+02,1.000000000000000000e+00
1.000000000000000000e+00,4.884839970733619197e+01,1.365721299283065016e-01
2.000000000000000000e+00,6.081561754641833240e-01,1.700305121760675589e-03
3.000000000000000000e+00,1.671731285395453069e-04,4.673887039946451260e-07
4.000000000000000000e+00,2.666086522154551861e-11,7.453941522860465958e-14
