iteration,absolute,relative
0.000000000000000000e+00,2.175642828635005230e+02,1.000000000000000000e+00
1.000000000000000000e+00,2.317294346875025113e+01,1.065107891964459930e-01
2.000000000000000000e+00,9.432014585608142210e-02,4.335277124290558650e-04
3.000000000000000000e+00,1.712874033799600455e-06,7.872956035133096557e-09
