iteration,absolute,relative
0.000000000000000000e+00,3.733073214877174451e+02,1.000000000000000000e+00
1.000000000000000000e+00,1.216404826627871216e+02,3.258454245633897739e-01
2.000000000000000000e+00,1.143144434541480692e+01,3.062207379126081347e-02
3.000000000000000000e+00,1.026004790130876088e-01,2.748418611352184781e-04
4.000000000000000000e+00,2.130082687608475573e-06,5.705976189054089153e-09
