iteration,absolute,relative
0.000000000000000000e+00,1.228110389493328540e+02,1.000000000000000000e+00
1.000000000000000000e+00,5.736042548525260187e+00,4.670624560787025453e-02
2.000000000000000000e+00,4.431096844941488644e-02,3.608060710869476630e-04
3.000000000000000000e+00,2.090707470188928098e-06,1.702377480131467963e-08
4.000000000000000000e+00,2.577580460437839817e-12,2.098818219021216078e-14
