iteration,absolute,relative
0.000000000000000000e+00,4.075913255644331912e+02,1.000000000000000000e+00
1.000000000000000000e+00,6.352426447312375046e+01,1.558528371160873838e-01
2.000000000000000000e+00,1.919326481643300886e+00,4.708948304985181334e-03
3.000000000000000000e+00,5.266863759958241402e-03,1.292192308721163065e-05
4.000000000000000000e+00,2.712188484952473854e-08,6.654185981992208086e-11
