iteration,absolute,relative
0.000000000000000000e+00,1.237486427191070248e+02,1.000000000000000000e+00
1.000000000000000000e+00,3.739142401945205307e+00,3.021562353966630171e-02
2.000000000000000000e+00,2.538394469917391871e-02,2.051250352441610090e-04
3.000000000000000000e+00,1.700638547122582010e-06,1.374268444287349049e-08
4.000000000000000000e+00,2.762593895569280230e-12,2.232423592588406379e-14
