iteration,absolute,relative
0.000000000000000000e+00,4.013673516391978637e+02,1.000000000000000000e+00
1.000000000000000000e+00,5.817516193327285379e+01,1.449424366373685269e-01
2.000000000000000000e+00,1.745656304133076375e+00,4.349273295408201227e-03
3.000000000000000000e+00,1.724742840136519843e-03,4.297167751917567636e-06
4.000000000000000000e+00,4.516485708846024006e-09,1.125274811317000116e-11
