iteration,absolute,relative
0.000000000000000000e+00,2.443051429725512094e+02,1.000000000000000000e+00
1.000000000000000000e+00,3.786867979180560617e+00,1.550056594431183273e-02
2.000000000000000000e+00,1.907814585481798974e-03,7.809146227004113604e-06
3.000000000000000000e+00,2.143077124478589048e-10,8.772132663287294821e-13
