iteration,absolute,relative
0.000000000000000000e+00,3.380116679445883392e+02,1.000000000000000000e+00
1.000000000000000000e+00,2.637369657600835637e+01,7.802599459475435817e-02
2.000000000000000000e+00,1.765334905966847445e-01,5.222704046584114058e-04
3.000000000000000000e+00,2.642880971424259404e-05,7.818904558813980582e-08
4.000000000000000000e+00,2.613840613824171210e-12,7.732989306903656637e-15
