iteration,absolute,relative
0.000000000000000000e+00,1.479478593543254021e+02,1.000000000000000000e+00
1.000000000000000000e+00,1.087552891342570049e+01,7.350920088258609819e-02
2.000000000000000000e+00,2.265993036874287478e-02,1.531615967114051337e-04
3.000000000000000000e+00,2.352086474008816245e-07,1.589807709468592961e-09
