iteration,absolute,relative
0.000000000000000000e+00,4.115662845513127195e+02,1.000000000000000000e+00
1.000000000000000000e+00,5.905066579304421026e+01,1.434778989669207583e-01
2.000000000000000000e+00,2.486664725827521405e+00,6.041954404837775704e-03
3.000000000000000000e+00,6.380312326210447506e-03,1.550251457834119881e-05
4.000000000000000000e+00,9.293324775320763881e-09,2.258038406973082142e-11
