iteration,absolute,relative
0.000000000000000000e+00,3.927480791172254158e+02,1.000000000000000000e+00
1.000000000000000000e+00,4.878508881369202754e+01,1.242147101606343035e-01
2.000000000000000000e+00,1.385701475728690291e+00,3.528219613048936675e-03
3.000000000000000000e+00,1.576649423274267912e-03,4.014403906998301632e-06
4.000000000000000000e+00,7.023128603950348348e-10,1.788201897698937300e-12
