iteration,absolute,relative
0.000000000000000000e+00,9.770456929820770142e+01,1.000000000000000000e+00
1.000000000000000000e+00,5.167834138564336044e+00,5.289245094353161453e-02
2.000000000000000000e+00,1.038149575864920869e-02,1.062539432210531023e-04
3.000000000000000000e+00,6.060016650982995812e-08,6.202388173358603549e-10
