iteration,absolute,relative
0.000000000000000000e+00,3.312597786533225417e+02,1.000000000000000000e+00
1.000000000000000000e+00,5.340747076784086289e+01,1.612253409845269825e-01
2.000000000000000000e+00,9.741374029133287316e-01,2.940705348755319384e-03
3.000000000000000000e+00,2.550741705251008667e-04,7.700125006484619154e-07
4.000000000000000000e+00,7.808476699155449461e-11,2.357206398826750679e-13
