iteration,absolute,relative
0.000000000000000000e+00,1.412793065256289227e-01,1.000000000000000000e+00
1.000000000000000000e+00,6.734111260544329853e-08,4.766523439384749175e-07
