iteration,absolute,relative
0.000000000000000000e+00,8.619128256653589559e-02,1.000000000000000000e+00
1.000000000000000000e+00,6.630183637465434017e-08,7.692406285226377247e-07
