iteration,absolute,relative
0.000000000000000000e+00,1.014447764486693104e-01,1.000000000000000000e+00
1.000000000000000000e+00,5.145600138861083943e-08,5.072316504600647009e-07
