iteration,absolute,relative
0.000000000000000000e+00,9.431622747463501433e-02,1.000000000000000000e+00
1.000000000000000000e+00,7.298347912847596190e-08,7.738167766316121214e-07
