iteration,absolute,relative
0.000000000000000000e+00,1.110202626985361803e+03,1.000000000000000000e+00
1.000000000000000000e+00,1.157063037955551188e+01,1.042208881361985154e-02
2.000000000000000000e+00,1.250174084763058064e-03,1.126077397382650697e-06
3.000000000000000000e+00,2.250884548769060008e-11,2.027453812536095222e-14
