iteration,absolute,relative
0.000000000000000000e+00,1.646187168473296492e-01,1.000000000000000000e+00
1.000000000000000000e+00,1.648399844182689793e-07,1.001344121587003691e-06
