iteration,absolute,relative
0.000000000000000000e+00,1.197365459732049192e-01,1.000000000000000000e+00
1.000000000000000000e+00,2.420735773829227788e-08,2.021718393623070575e-07
