iteration,absolute,relative
0.000000000000000000e+00,8.909966774951354196e-02,1.000000000000000000e+00
1.000000000000000000e+00,6.521976033613720391e-08,7.319865717063044921e-07
