iteration,absolute,relative
0.000000000000000000e+00,1.113424979680729537e-01,1.000000000000000000e+00
1.000000000000000000e+00,9.916475953290649150e-08,8.906281190255100195e-07
