iteration,absolute,relative
0.000000000000000000e+00,1.081670528247512841e+01,1.000000000000000000e+00
1.000000000000000000e+00,8.671144392778066135e-04,8.016437691823563669e-05
2.000000000000000000e+00,1.338224953502700461e-11,1.237183521742844062e-12
