iteration,absolute,relative
0.000000000000000000e+00,1.115572826653092042e-01,1.000000000000000000e+00
1.000000000000000000e+00,1.214610370361056066e-07,1.088777300183165461e-06
