iteration,absolute,relative
0.000000000000000000e+00,1.161457400036322446e-01,1.000000000000000000e+00
1.000000000000000000e+00,6.712837260136314100e-08,5.779667218036910094e-07
