iteration,absolute,relative
0.000000000000000000e+00,1.038324390608176412e-01,1.000000000000000000e+00
1.000000000000000000e+00,5.378820894066443752e-08,5.180289457436239077e-07
