iteration,absolute,relative
0.000000000000000000e+00,1.110931043720037223e+03,1.000000000000000000e+00
1.000000000000000000e+00,4.783014597373386323e+01,4.305410875329487158e-02
2.000000000000000000e+00,4.088376021029932472e-02,3.680134823975837537e-05
3.000000000000000000e+00,2.648642626599947046e-08,2.384164743232636012e-11
