iteration,absolute,relative
0.000000000000000000e+00,8.761376836834927628e-02,1.000000000000000000e+00
1.000000000000000000e+00,4.730061823736566259e-08,5.398765413045872643e-07
