iteration,absolute,relative
0.000000000000000000e+00,1.721513452360197705e-01,1.000000000000000000e+00
1.000000000000000000e+00,3.057869749381501562e-07,1.776268286018420200e-06
