iteration,absolute,relative
0.000000000000000000e+00,9.346439075021022169e-02,1.000000000000000000e+00
1.000000000000000000e+00,7.016584884178719177e-08,7.507227969774079073e-07
