iteration,absolute,relative
0.000000000000000000e+00,1.389757258724133582e-01,1.000000000000000000e+00
1.000000000000000000e+00,2.005105834180872942e-07,1.442774140299623271e-06
