iteration,absolute,relative
0.000000000000000000e+00,9.275308082214327177e-02,1.000000000000000000e+00
1.000000000000000000e+00,4.583689438899875082e-08,4.941819073038913649e-07
