iteration,absolute,relative
0.000000000000000000e+00,7.738797770603818904e+00,1.000000000000000000e+00
1.000000000000000000e+00,3.217181643265420369e-04,4.157211156862159775e-05
2.000000000000000000e+00,1.252384871879484836e-11,1.618319678331337973e-12
