iteration,absolute,relative
0.000000000000000000e+00,3.103954684118344631e-01,1.000000000000000000e+00
1.000000000000000000e+00,4.292123123544200777e-08,1.382791812491729908e-07
