iteration,absolute,relative
0.000000000000000000e+00,3.528030145122705297e-01,1.000000000000000000e+00
1.000000000000000000e+00,4.617486651635872780e-08,1.308800226103305084e-07
