iteration,absolute,relative
0.000000000000000000e+00,1.852341025147084252e+01,1.000000000000000000e+00
1.000000000000000000e+00,4.965903416436100908e-04,2.680879680911772535e-05
2.000000000000000000e+00,1.523912585991278215e-11,8.226954784798726331e-13
