iteration,absolute,relative
0.000000000000000000e+00,5.936643335119106135e-01,1.000000000000000000e+00
1.000000000000000000e+00,9.309440993224235577e-07,1.568132102218915085e-06
