iteration,absolute,relative
0.000000000000000000e+00,4.660620877824345754e-01,1.000000000000000000e+00
1.000000000000000000e+00,3.425706770996535822e-07,7.350322759133568235e-07
