iteration,absolute,relative
0.000000000000000000e+00,2.853566465624938209e-01,1.000000000000000000e+00
1.000000000000000000e+00,7.729057321457112727e-08,2.708560467949159976e-07
