iteration,absolute,relative
0.000000000000000000e+00,4.062590808087193639e-01,1.000000000000000000e+00
1.000000000000000000e+00,1.608599128302370756e-07,3.959540116863884239e-07
