iteration,absolute,relative
0.000000000000000000e+00,5.291693113804384341e-01,1.000000000000000000e+00
1.000000000000000000e+00,5.969271974068447828e-07,1.128045758832172400e-06
