iteration,absolute,relative
0.000000000000000000e+00,1.614443434926369491e+03,1.000000000000000000e+00
1.000000000000000000e+00,6.168255141124462604e+00,3.820669716685230755e-03
2.000000000000000000e+00,6.136452057281668263e-05,3.800970615958146368e-08
3.000000000000000000e+00,1.410450060509067333e-11,8.736447682190824328e-15
