iteration,absolute,relative
0.000000000000000000e+00,6.583141807472038254e-01,1.000000000000000000e+00
1.000000000000000000e+00,1.349904101017539019e-06,2.050546897661178535e-06
2.000000000000000000e+00,1.878965207754760723e-11,2.854207402341061453e-11
