iteration,absolute,relative
0.000000000000000000e+00,3.135530034650296560e+00,1.000000000000000000e+00
1.000000000000000000e+00,8.442818149176136645e-06,2.692628696225440121e-06
2.000000000000000000e+00,1.150852313306521505e-11,3.670359717778545601e-12
