iteration,absolute,relative
0.000000000000000000e+00,5.084852255947689553e-02,1.000000000000000000e+00
1.000000000000000000e+00,2.685871755460011281e-09,5.282103825766775922e-08
