iteration,absolute,relative
0.000000000000000000e+00,6.350352938328283903e-02,1.000000000000000000e+00
1.000000000000000000e+00,4.193845974690247648e-09,6.604114787664492075e-08
