iteration,absolute,relative
0.000000000000000000e+00,5.779283162387265776e-02,1.000000000000000000e+00
1.000000000000000000e+00,3.496985398356120518e-09,6.050898182520633753e-08
