iteration,absolute,relative
0.000000000000000000e+00,2.791712596939036303e+03,1.000000000000000000e+00
1.000000000000000000e+00,3.408639968991760555e-02,1.220985273602000464e-05
2.000000000000000000e+00,1.176222297569766115e-09,4.213264283936072049e-13
