iteration,absolute,relative
0.000000000000000000e+00,4.121954791000955604e-02,1.000000000000000000e+00
1.000000000000000000e+00,9.051221089239783994e-10,2.195856468149625110e-08
