iteration,absolute,relative
0.000000000000000000e+00,6.244499498509459290e-02,1.000000000000000000e+00
1.000000000000000000e+00,2.806617902395272406e-09,4.494544203366822796e-08
