iteration,absolute,relative
0.000000000000000000e+00,4.405815552800072810e-02,1.000000000000000000e+00
1.000000000000000000e+00,1.931586031883423503e-09,4.384173619469437261e-08
