iteration,absolute,relative
0.000000000000000000e+00,3.984599023643618787e-02,1.000000000000000000e+00
1.000000000000000000e+00,1.335073552594607622e-09,3.350584449458059796e-08
