iteration,absolute,relative
0.000000000000000000e+00,4.927705277599582490e-02,1.000000000000000000e+00
1.000000000000000000e+00,1.215660660959682913e-09,2.466991413804406392e-08
