iteration,absolute,relative
0.000000000000000000e+00,1.134819033608484233e+03,1.000000000000000000e+00
1.000000000000000000e+00,1.045220664418779855e+01,9.210461170140928772e-03
2.000000000000000000e+00,2.361342699887633741e-03,2.080809917665078331e-06
3.000000000000000000e+00,9.540097748472364163e-11,8.406712846661439484e-14
