iteration,absolute,relative
0.000000000000000000e+00,1.197156229804808014e-01,1.000000000000000000e+00
1.000000000000000000e+00,1.006980965625035791e-07,8.411441552530035113e-07
