iteration,absolute,relative
0.000000000000000000e+00,1.041116368446048102e-01,1.000000000000000000e+00
1.000000000000000000e+00,7.522160745917383496e-08,7.225091232735901837e-07
