iteration,absolute,relative
0.000000000000000000e+00,1.091549009658763503e-01,1.000000000000000000e+00
1.000000000000000000e+00,7.634770638997076150e-08,6.994436870391951815e-07
