iteration,absolute,relative
0.000000000000000000e+00,9.904857910243590469e-02,1.000000000000000000e+00
1.000000000000000000e+00,6.256211780063536981e-08,6.316306439482964791e-07
