iteration,absolute,relative
0.000000000000000000e+00,9.793900391739406019e-02,1.000000000000000000e+00
1.000000000000000000e+00,6.377381780044394849e-08,6.511585297950703609e-07
