iteration,absolute,relative
0.000000000000000000e+00,1.143558168479901077e-01,1.000000000000000000e+00
1.000000000000000000e+00,9.304015143128404019e-08,8.136022634944720891e-07
