iteration,absolute,relative
0.000000000000000000e+00,1.038448998903355180e-01,1.000000000000000000e+00
1.000000000000000000e+00,6.784122088002649102e-08,6.532937193032070237e-07
