iteration,absolute,relative
0.000000000000000000e+00,8.767719948611556902e+00,1.000000000000000000e+00
1.000000000000000000e+00,4.292994416280714715e-04,4.896363526027706567e-05
2.000000000000000000e+00,1.428605145312363284e-11,1.629391852939594763e-12
