iteration,absolute,relative
0.000000000000000000e+00,1.129781023625047592e-01,1.000000000000000000e+00
1.000000000000000000e+00,8.544841004773122333e-08,7.563271843030167188e-07
