patch_size,n_dof_boundary,fwd_mean_s,fwd_std_s,fwd_n,fwd_relerr,jacfwd_par_mean_s,jacfwd_par_std_s,jacfwd_par_n,jacfwd_par_relerr,jacrev_mean_s,jacrev_std_s,jacrev_n,jacrev_relerr,jvp_loop_mean_s,jvp_loop_std_s,jvp_loop_n,jvp_loop_relerr,fd_fwd_mean_s,fd_fwd_std_s,fd_fwd_n,fd_fwd_relerr
1x1,8,0.000834579294314608,6.912869545514354e-05,20,nan,0.007055935397511348,0.00024117674870589845,20,0.0,0.004148712605820037,0.00012933341498499852,20,4.709205982288124e-16,0.04682483959768433,0.0022718145526891844,20,2.6494816854877414e-16,0.007306997803971172,0.00026254802554727527,20,2.840246880436038e-07
2x2,16,0.0011625229002675042,5.542576910361735e-05,20,nan,0.01742331460118294,0.018015200853744924,20,0.0,0.007967674901010469,0.00030192955035839226,20,1.3723987894373323e-15,0.10897984164766968,0.002636432665293911,20,1.4474653996393e-17,0.01909986863611266,0.0008017672938331138,20,4.7102694766479635e-06
5x5,40,0.002621818645275198,0.00010879607501809613,20,nan,0.07811546254961285,0.005233884026104885,20,0.0,0.047358106149476956,0.004630608166425442,20,1.0283748554788318e-15,0.5532253999932436,0.015281788031985476,20,1.1364320796268679e-17,0.17693374984373805,0.015659498954047512,20,4.629381980713253e-06
8x8,64,0.006810797753860243,0.0017959253342643843,20,nan,0.22809023744775914,0.003080957441017841,20,0.0,0.12254546455224044,0.002806574065411023,20,1.5197683467452374e-15,1.2836779811506858,0.08451103315743634,20,5.4437747865094357e-17,0.4273257520981133,0.046307898999774895,20,7.97040226552619e-06
