iteration,absolute,relative
0.000000000000000000e+00,6.166314458994693659e+00,1.000000000000000000e+00
1.000000000000000000e+00,1.076968348329183575e-02,1.746534912370920241e-03
2.000000000000000000e+00,2.103286799951491863e-11,3.410930165722353950e-12
