iteration,absolute,relative
0.000000000000000000e+00,7.433659117645849967e+00,1.000000000000000000e+00
1.000000000000000000e+00,1.060537755244289268e-02,1.426669878804112798e-03
2.000000000000000000e+00,1.520133616017203724e-08,2.044933177536679700e-09
