iteration,absolute,relative
0.000000000000000000e+00,8.883616178918396500e+00,1.000000000000000000e+00
1.000000000000000000e+00,8.721858950936214189e-03,9.817915109428020440e-04
2.000000000000000000e+00,8.900613872116412332e-08,1.001913375460586973e-08
