iteration,absolute,relative
0.000000000000000000e+00,7.309052327630658041e+00,1.000000000000000000e+00
1.000000000000000000e+00,7.072199576042715631e-03,9.675946017389204165e-04
2.000000000000000000e+00,8.037769858147093065e-07,1.099700685923623735e-07
