iteration,absolute,relative
0.000000000000000000e+00,7.200075263570966833e+00,1.000000000000000000e+00
1.000000000000000000e+00,2.195304300047802581e-02,3.049001878015111539e-03
2.000000000000000000e+00,2.198856873530932641e-11,3.053935956275521126e-12
