iteration,absolute,relative
0.000000000000000000e+00,8.125377894576550020e+00,1.000000000000000000e+00
1.000000000000000000e+00,1.474237351067874714e-02,1.814361584403212466e-03
2.000000000000000000e+00,2.056749614159894726e-11,2.531266411046204150e-12
