iteration,absolute,relative
0.000000000000000000e+00,5.166606456600624142e+01,1.000000000000000000e+00
1.000000000000000000e+00,4.858589471882238664e-01,9.403831146603246552e-03
2.000000000000000000e+00,2.457993546542817410e-04,4.757462305654411444e-06
3.000000000000000000e+00,2.049480042579048388e-11,3.966781793416305033e-13
