iteration,absolute,relative
0.000000000000000000e+00,6.700129437223613316e+00,1.000000000000000000e+00
1.000000000000000000e+00,6.531390786011801418e-03,9.748156132216852059e-04
2.000000000000000000e+00,2.199330410160276659e-11,3.282519286779079002e-12
