iteration,absolute,relative
0.000000000000000000e+00,1.159923005783130748e+03,1.000000000000000000e+00
1.000000000000000000e+00,3.830291801209557434e+01,3.302194871653146846e-02
2.000000000000000000e+00,3.876868975512123283e-01,3.342350273408557630e-04
3.000000000000000000e+00,4.991987536335272746e-05,4.303723188044619443e-08
4.000000000000000000e+00,2.152667505668457627e-11,1.855871031901007790e-14
