iteration,absolute,relative
0.000000000000000000e+00,9.942461148162076157e+00,1.000000000000000000e+00
1.000000000000000000e+00,3.001124267755066882e-02,3.018492326027185507e-03
2.000000000000000000e+00,2.061030677737464228e-11,2.072958241449561118e-12
