iteration,absolute,relative
0.000000000000000000e+00,5.295932674080291447e-01,1.000000000000000000e+00
1.000000000000000000e+00,1.949499350433316416e-04,3.681125630570582555e-04
2.000000000000000000e+00,3.700443696165993029e-11,6.987331455849037797e-11
