iteration,absolute,relative
0.000000000000000000e+00,7.740434585674781376e-01,1.000000000000000000e+00
1.000000000000000000e+00,1.486281742371610686e-03,1.920152836279078595e-03
2.000000000000000000e+00,7.091007699358077644e-09,9.160994283811147261e-09
