iteration,absolute,relative
0.000000000000000000e+00,4.245571258754041288e+00,1.000000000000000000e+00
1.000000000000000000e+00,5.999403891793257670e-03,1.413096972385741558e-03
2.000000000000000000e+00,6.041625531630768724e-08,1.423041838992432809e-08
