iteration,absolute,relative
0.000000000000000000e+00,4.635934095534832267e+01,1.000000000000000000e+00
1.000000000000000000e+00,3.135496907355319607e+00,6.763463075058205598e-02
2.000000000000000000e+00,1.567748632248811350e-02,3.381731922718252950e-04
3.000000000000000000e+00,1.739455908886403534e-07,3.752115265317913184e-09
