iteration,absolute,relative
0.000000000000000000e+00,4.631076765329845690e-01,1.000000000000000000e+00
1.000000000000000000e+00,2.313969952702737260e-04,4.996613249916461016e-04
2.000000000000000000e+00,5.827356975158299460e-11,1.258315780637518565e-10
