iteration,absolute,relative
0.000000000000000000e+00,4.154559672788262503e+01,1.000000000000000000e+00
1.000000000000000000e+00,8.627952242206846645e-01,2.076742885345618864e-02
2.000000000000000000e+00,8.227464801036293374e-04,1.980345800524889325e-05
3.000000000000000000e+00,1.392118397627541006e-09,3.350820561672771218e-11
