iteration,absolute,relative
0.000000000000000000e+00,6.384210822642014671e-01,1.000000000000000000e+00
1.000000000000000000e+00,5.774740603282921877e-04,9.045347598488496631e-04
2.000000000000000000e+00,5.649151456372591504e-10,8.848629240653382110e-10
