iteration,absolute,relative
0.000000000000000000e+00,7.541245952188420087e-01,1.000000000000000000e+00
1.000000000000000000e+00,2.610563729093497371e-04,3.461714079668663877e-04
2.000000000000000000e+00,8.268783360063900099e-11,1.096474430417476711e-10
