iteration,absolute,relative
0.000000000000000000e+00,6.225046632701252136e-01,1.000000000000000000e+00
1.000000000000000000e+00,1.100923699035634027e-04,1.768538878491753734e-04
2.000000000000000000e+00,6.153708880114654623e-12,9.885402059139849214e-12
