iteration,absolute,relative
0.000000000000000000e+00,9.387343858753417480e-01,1.000000000000000000e+00
1.000000000000000000e+00,2.815889012442808524e-04,2.999665352427754290e-04
2.000000000000000000e+00,4.032965247665954901e-11,4.296172919995186448e-11
