iteration,absolute,relative
0.000000000000000000e+00,8.574691838936480126e-01,1.000000000000000000e+00
1.000000000000000000e+00,2.177683236736810846e-04,2.539663556010555469e-04
2.000000000000000000e+00,3.703086480705476045e-11,4.318623398091435079e-11
