iteration,absolute,relative
0.000000000000000000e+00,4.570778633995337681e-01,1.000000000000000000e+00
1.000000000000000000e+00,2.499995506598375419e-04,5.469517792886676149e-04
2.000000000000000000e+00,7.105186233256715594e-11,1.554480494944915122e-10
