iteration,absolute,relative
0.000000000000000000e+00,8.833915424437892128e+00,1.000000000000000000e+00
1.000000000000000000e+00,2.088437486273557117e-02,2.364113064175555647e-03
2.000000000000000000e+00,5.452872332697768728e-07,6.172656257963595514e-08
