iteration,absolute,relative
0.000000000000000000e+00,4.674439848151742960e-01,1.000000000000000000e+00
1.000000000000000000e+00,2.706667541446756628e-04,5.790356982595387192e-04
2.000000000000000000e+00,8.582462595485493999e-11,1.836040867844083806e-10
