iteration,absolute,relative
0.000000000000000000e+00,6.161407444913661324e-01,1.000000000000000000e+00
1.000000000000000000e+00,1.712980567913495488e-04,2.780177391656816566e-04
2.000000000000000000e+00,2.614809574383100250e-11,4.243851096946472225e-11
