iteration,absolute,relative
0.000000000000000000e+00,4.885398991629951171e-01,1.000000000000000000e+00
1.000000000000000000e+00,2.125600776255245634e-04,4.350925645780399052e-04
2.000000000000000000e+00,4.704018003965492265e-11,9.628728404834046765e-11
