iteration,absolute,relative
0.000000000000000000e+00,6.486750698717618224e-01,1.000000000000000000e+00
1.000000000000000000e+00,1.488552599004364693e-04,2.294758451713953338e-04
2.000000000000000000e+00,1.790484777391160027e-11,2.760218267283071981e-11
