iteration,absolute,relative
0.000000000000000000e+00,8.045187321975133088e+00,1.000000000000000000e+00
1.000000000000000000e+00,3.505350896718719550e-02,4.357078034894206787e-03
2.000000000000000000e+00,1.640498188035591051e-06,2.039105023141761656e-07
3.000000000000000000e+00,2.180040947421079669e-12,2.709745416948065615e-13
