iteration,absolute,relative
0.000000000000000000e+00,2.514260506859282884e+01,1.000000000000000000e+00
1.000000000000000000e+00,6.585358103009941733e-01,2.619202777534026041e-02
2.000000000000000000e+00,5.565254471678565511e-04,2.213475674654917448e-05
3.000000000000000000e+00,5.323725356437913771e-10,2.117411995262219629e-11
