iteration,absolute,relative
0.000000000000000000e+00,1.148241908038944388e+02,1.000000000000000000e+00
1.000000000000000000e+00,3.394484589118485385e+00,2.956245165198548297e-02
2.000000000000000000e+00,7.665704448366798297e-03,6.676036116343180742e-05
3.000000000000000000e+00,3.201848289183341057e-07,2.788478862134289514e-09
