iteration,absolute,relative
0.000000000000000000e+00,7.423009195075903621e-01,1.000000000000000000e+00
1.000000000000000000e+00,3.376688093745835290e-04,4.548947744784932854e-04
2.000000000000000000e+00,1.154737928970146197e-10,1.555619693609093666e-10
