iteration,absolute,relative
0.000000000000000000e+00,7.472522268762256115e-01,1.000000000000000000e+00
1.000000000000000000e+00,1.170063275368886380e-03,1.565821061865761222e-03
2.000000000000000000e+00,3.784279759799345682e-09,5.064260264059636147e-09
