iteration,absolute,relative
0.000000000000000000e+00,5.959802244530456594e-01,1.000000000000000000e+00
1.000000000000000000e+00,4.698191251538514301e-04,7.883132793290629310e-04
2.000000000000000000e+00,3.237443291281359859e-10,5.432132071584234151e-10
