iteration,absolute,relative
0.000000000000000000e+00,5.759896268231605720e-01,1.000000000000000000e+00
1.000000000000000000e+00,1.813430509234309604e-04,3.148373555329784319e-04
2.000000000000000000e+00,3.030015285346854675e-11,5.260537940689555350e-11
