iteration,absolute,relative
0.000000000000000000e+00,5.970100843985431993e+01,1.000000000000000000e+00
1.000000000000000000e+00,3.706423899380174358e+00,6.208310372368675695e-02
2.000000000000000000e+00,4.243641954519491305e-02,7.108157911259976695e-04
3.000000000000000000e+00,1.648837317686110182e-05,2.761824901747226825e-07
4.000000000000000000e+00,2.798951086178911909e-12,4.688281084897770737e-14
