iteration,absolute,relative
0.000000000000000000e+00,7.120438795737192850e-01,1.000000000000000000e+00
1.000000000000000000e+00,3.826382914157841139e-04,5.373802126420340348e-04
2.000000000000000000e+00,1.888589921620921358e-10,2.652350474175225132e-10
