iteration,absolute,relative
0.000000000000000000e+00,3.679123836784005874e+01,1.000000000000000000e+00
1.000000000000000000e+00,7.133458969189696575e-01,1.938901566147116159e-02
2.000000000000000000e+00,8.567549119697273185e-04,2.328692781155834967e-05
3.000000000000000000e+00,1.139473075776525047e-09,3.097131617000858414e-11
