iteration,absolute,relative
0.000000000000000000e+00,2.209284707019667593e+01,1.000000000000000000e+00
1.000000000000000000e+00,3.556454291154447223e-01,1.609776358770941690e-02
2.000000000000000000e+00,1.693955542991517173e-04,7.667438866567218806e-06
3.000000000000000000e+00,4.821475191039424878e-11,2.182369332354457307e-12
