iteration,absolute,relative
0.000000000000000000e+00,4.524019538359250703e+01,1.000000000000000000e+00
1.000000000000000000e+00,2.152627491629896195e+00,4.758218821509777735e-02
2.000000000000000000e+00,6.162605490094364216e-03,1.362196921972045076e-04
3.000000000000000000e+00,1.059212805799396454e-07,2.341309087678137039e-09
