iteration,absolute,relative
0.000000000000000000e+00,3.345516474100490711e+01,1.000000000000000000e+00
1.000000000000000000e+00,1.427603413203511584e+00,4.267213819616151593e-02
2.000000000000000000e+00,3.943801578518457349e-03,1.178831911021698919e-04
3.000000000000000000e+00,1.971714055116260378e-08,5.893601392730835241e-10
