iteration,absolute,relative
0.000000000000000000e+00,3.188719195508632538e+02,1.000000000000000000e+00
1.000000000000000000e+00,2.496747506772359060e+01,7.829938460210206230e-02
2.000000000000000000e+00,2.182236932128637230e-01,6.843615879386170378e-04
3.000000000000000000e+00,1.635382255165370973e-05,5.128649325625272710e-08
4.000000000000000000e+00,2.814600513979280487e-12,8.826743094668527516e-15
