iteration,absolute,relative
0.000000000000000000e+00,6.427856895073880139e+00,1.000000000000000000e+00
1.000000000000000000e+00,2.343729747948221365e-02,3.646207104804070204e-03
2.000000000000000000e+00,8.853724298227050655e-07,1.377399099381363720e-07
