iteration,absolute,relative
0.000000000000000000e+00,5.552166910422463575e-01,1.000000000000000000e+00
1.000000000000000000e+00,3.918635292818839445e-04,7.057848504991488543e-04
2.000000000000000000e+00,2.032017600951967156e-10,3.659864038196487378e-10
