iteration,absolute,relative
0.000000000000000000e+00,7.467309487993132322e-01,1.000000000000000000e+00
1.000000000000000000e+00,4.083925965237072096e-04,5.469072859245643122e-04
2.000000000000000000e+00,1.948328602539582103e-10,2.609144037316716208e-10
