iteration,absolute,relative
0.000000000000000000e+00,6.847883667749962155e-01,1.000000000000000000e+00
1.000000000000000000e+00,2.171422500234910353e-04,3.170939527581641466e-04
2.000000000000000000e+00,4.112810076626796889e-11,6.005957864027442200e-11
