iteration,absolute,relative
0.000000000000000000e+00,6.384750604468367730e-01,1.000000000000000000e+00
1.000000000000000000e+00,1.302053025032523645e-04,2.039316968968657592e-04
2.000000000000000000e+00,9.948795068632336342e-12,1.558212009357056613e-11
