iteration,absolute,relative
0.000000000000000000e+00,6.306258595099795139e-01,1.000000000000000000e+00
1.000000000000000000e+00,1.282061781737838717e-04,2.032999063397193868e-04
2.000000000000000000e+00,1.084939843462732664e-11,1.720417624969855543e-11
