iteration,absolute,relative
0.000000000000000000e+00,2.028991568271360180e+01,1.000000000000000000e+00
1.000000000000000000e+00,3.609205204321934701e-01,1.778817251269737554e-02
2.000000000000000000e+00,1.922239559902640213e-04,9.473866673287019403e-06
3.000000000000000000e+00,8.282531112574729958e-11,4.082092425663058582e-12
