iteration,absolute,relative
0.000000000000000000e+00,5.190057783149268911e-01,1.000000000000000000e+00
1.000000000000000000e+00,3.365374739696372266e-04,6.484272199478867578e-04
2.000000000000000000e+00,1.412285696796588255e-10,2.721136749925796080e-10
