iteration,absolute,relative
0.000000000000000000e+00,4.835700687793252683e+01,1.000000000000000000e+00
1.000000000000000000e+00,2.180212179891418245e+00,4.508575531556207466e-02
2.000000000000000000e+00,7.251881753085599909e-03,1.499654801090461928e-04
3.000000000000000000e+00,7.546537137102469401e-08,1.560588138995487241e-09
