iteration,absolute,relative
0.000000000000000000e+00,4.891864918855261535e-01,1.000000000000000000e+00
1.000000000000000000e+00,2.978772178382510126e-04,6.089236370573307541e-04
2.000000000000000000e+00,1.067982673546985979e-10,2.183181038851954149e-10
