iteration,absolute,relative
0.000000000000000000e+00,7.820786539876581678e+00,1.000000000000000000e+00
1.000000000000000000e+00,1.824295500972548251e-02,2.332624080290186547e-03
2.000000000000000000e+00,2.176012160330762728e-07,2.782344396226293154e-08
