iteration,absolute,relative
0.000000000000000000e+00,1.810269680906376948e+02,1.000000000000000000e+00
1.000000000000000000e+00,2.237514824889059284e+01,1.236011876290590422e-01
2.000000000000000000e+00,2.601470832752417195e-01,1.437062588072455984e-03
3.000000000000000000e+00,3.311860465861294413e-05,1.829484579448456335e-07
4.000000000000000000e+00,2.143971223138490315e-12,1.184338027505953487e-14
