iteration,absolute,relative
0.000000000000000000e+00,1.094880122457182248e+00,1.000000000000000000e+00
1.000000000000000000e+00,5.047748904816311841e-04,4.610321076510105016e-04
2.000000000000000000e+00,2.623679726201806676e-10,2.396316886558885901e-10
