iteration,absolute,relative
0.000000000000000000e+00,7.158651279777320520e-01,1.000000000000000000e+00
1.000000000000000000e+00,9.176613830336526013e-04,1.281891444588145442e-03
2.000000000000000000e+00,1.982524168840676656e-09,2.769410174289626294e-09
