iteration,absolute,relative
0.000000000000000000e+00,6.416482722768315217e-01,1.000000000000000000e+00
1.000000000000000000e+00,1.615097722510501911e-04,2.517107568574091436e-04
2.000000000000000000e+00,2.266558196984856226e-11,3.532399750633126414e-11
