iteration,absolute,relative
0.000000000000000000e+00,7.639348789130634998e+01,1.000000000000000000e+00
1.000000000000000000e+00,1.996184844246375878e+00,2.613030114669687154e-02
2.000000000000000000e+00,3.678381271876899998e-03,4.815045592774280293e-05
3.000000000000000000e+00,1.887441756525146752e-08,2.470684097066786070e-10
