iteration,absolute,relative
0.000000000000000000e+00,2.179959774075617140e+00,1.000000000000000000e+00
1.000000000000000000e+00,3.790384746234692469e-03,1.738740682883451079e-03
2.000000000000000000e+00,1.140863526677802215e-08,5.233415498052344229e-09
