iteration,absolute,relative
0.000000000000000000e+00,6.792350123155879160e-01,1.000000000000000000e+00
1.000000000000000000e+00,7.234133067292550668e-04,1.065041250248656077e-03
2.000000000000000000e+00,1.042745040497324118e-09,1.535175633750813305e-09
