iteration,absolute,relative
0.000000000000000000e+00,3.012310606880984309e+01,1.000000000000000000e+00
1.000000000000000000e+00,1.383214475700948354e+00,4.591872008621183943e-02
2.000000000000000000e+00,2.251577723049999914e-03,7.474586843424274780e-05
3.000000000000000000e+00,9.891642891414143661e-09,3.283739355702158980e-10
