iteration,absolute,relative
0.000000000000000000e+00,1.407285973151724545e-01,1.000000000000000000e+00
1.000000000000000000e+00,8.672496689479585537e-06,6.162568841681031291e-05
2.000000000000000000e+00,1.012370478655800779e-13,7.193779359489526753e-13
