iteration,absolute,relative
0.000000000000000000e+00,2.470206174213855979e-02,1.000000000000000000e+00
1.000000000000000000e+00,2.374432313420522675e-07,9.612283938915287956e-06
