iteration,absolute,relative
0.000000000000000000e+00,7.721631433162690246e-03,1.000000000000000000e+00
1.000000000000000000e+00,2.182625347065893035e-08,2.826637564818235590e-06
