iteration,absolute,relative
0.000000000000000000e+00,1.773689976567123863e-02,1.000000000000000000e+00
1.000000000000000000e+00,1.205403665179889933e-07,6.796022310014291628e-06
