iteration,absolute,relative
0.000000000000000000e+00,4.933576368718643052e-02,1.000000000000000000e+00
1.000000000000000000e+00,9.822995407930565407e-07,1.991049630895205989e-05
