iteration,absolute,relative
0.000000000000000000e+00,1.471608135286586738e-02,1.000000000000000000e+00
1.000000000000000000e+00,8.225410136895946430e-08,5.589402463648448134e-06
