iteration,absolute,relative
0.000000000000000000e+00,1.712272179998761690e-01,1.000000000000000000e+00
1.000000000000000000e+00,1.310611441795771121e-05,7.654223768307203595e-05
2.000000000000000000e+00,1.368713820629440245e-13,7.993552874464328303e-13
