iteration,absolute,relative
0.000000000000000000e+00,8.099294225629534438e-02,1.000000000000000000e+00
1.000000000000000000e+00,2.737180476416005974e-06,3.379529623401541718e-05
2.000000000000000000e+00,9.794205859889098667e-14,1.209266583858153787e-12
