iteration,absolute,relative
0.000000000000000000e+00,3.262162526172456278e+00,1.000000000000000000e+00
1.000000000000000000e+00,5.560384048815427208e-03,1.704508590299916347e-03
2.000000000000000000e+00,1.595235728933505374e-08,4.890117264651492451e-09
