iteration,absolute,relative
0.000000000000000000e+00,4.731383683475925948e-13,1.000000000000000000e+00
