iteration,absolute,relative
0.000000000000000000e+00,2.095111591494844272e-01,1.000000000000000000e+00
1.000000000000000000e+00,2.008447601869436773e-05,9.586351438380551540e-05
2.000000000000000000e+00,2.138453504402413186e-13,1.020687162002977082e-12
