iteration,absolute,relative
0.000000000000000000e+00,1.090574201767453323e-02,1.000000000000000000e+00
1.000000000000000000e+00,4.449676308141770544e-08,4.080122472116380954e-06
