iteration,absolute,relative
0.000000000000000000e+00,6.763554610862938972e-03,1.000000000000000000e+00
1.000000000000000000e+00,1.656544661960199993e-08,2.449221980553871767e-06
