iteration,absolute,relative
0.000000000000000000e+00,3.664407904221425594e-02,1.000000000000000000e+00
1.000000000000000000e+00,5.329185693112110558e-07,1.454310172994891869e-05
