iteration,absolute,relative
0.000000000000000000e+00,9.689578101696785448e-03,1.000000000000000000e+00
1.000000000000000000e+00,3.489159103850737280e-08,3.600940172245203483e-06
