iteration,absolute,relative
0.000000000000000000e+00,1.353461051076161950e-02,1.000000000000000000e+00
1.000000000000000000e+00,6.929662674672965645e-08,5.119957215734477956e-06
