iteration,absolute,relative
0.000000000000000000e+00,1.073260790067728067e+03,1.000000000000000000e+00
1.000000000000000000e+00,2.514816998519190605e+01,2.343155570195099707e-02
2.000000000000000000e+00,1.437852291436579437e-02,1.339704482585116995e-05
3.000000000000000000e+00,4.654455563023174062e-09,4.336742389265385304e-12
