iteration,absolute,relative
0.000000000000000000e+00,7.401611261830977284e+00,1.000000000000000000e+00
1.000000000000000000e+00,3.225459263421676147e-04,4.357779879706593425e-05
2.000000000000000000e+00,1.358319015080278170e-11,1.835166650922252493e-12
