iteration,absolute,relative
0.000000000000000000e+00,1.413988992333592432e-01,1.000000000000000000e+00
1.000000000000000000e+00,1.228034430662313691e-07,8.684893852218845778e-07
