iteration,absolute,relative
0.000000000000000000e+00,1.270572819694407440e-01,1.000000000000000000e+00
1.000000000000000000e+00,1.330918209445399064e-07,1.047494632984125798e-06
