iteration,absolute,relative
0.000000000000000000e+00,1.218248785223219333e-01,1.000000000000000000e+00
1.000000000000000000e+00,1.219889905895604595e-07,1.001347114556805859e-06
