iteration,absolute,relative
0.000000000000000000e+00,1.184970842158397653e-01,1.000000000000000000e+00
1.000000000000000000e+00,1.359011134147531833e-07,1.146873058641783815e-06
