iteration,absolute,relative
0.000000000000000000e+00,2.183879095508640122e-01,1.000000000000000000e+00
1.000000000000000000e+00,2.783374123814057792e-07,1.274509257192093361e-06
