iteration,absolute,relative
0.000000000000000000e+00,1.878206770290642702e-01,1.000000000000000000e+00
1.000000000000000000e+00,1.976933733654889449e-07,1.052564480613052585e-06
