iteration,absolute,relative
0.000000000000000000e+00,1.619278349488657565e-01,1.000000000000000000e+00
1.000000000000000000e+00,1.397935286831055718e-07,8.633075883911506612e-07
