iteration,absolute,relative
0.000000000000000000e+00,1.195393940579186076e-01,1.000000000000000000e+00
1.000000000000000000e+00,1.407437332676291558e-07,1.177383693273840221e-06
