iteration,absolute,relative
0.000000000000000000e+00,7.232787377628635106e+00,1.000000000000000000e+00
1.000000000000000000e+00,1.041024046803442488e-02,1.439312387397672852e-03
2.000000000000000000e+00,2.309216635416245974e-11,3.192706372869145545e-12
