iteration,absolute,relative
0.000000000000000000e+00,6.179834334217901848e+00,1.000000000000000000e+00
1.000000000000000000e+00,1.087470802838578533e-02,1.759708665355678991e-03
2.000000000000000000e+00,2.563008587369062634e-11,4.147374264027788015e-12
