iteration,absolute,relative
0.000000000000000000e+00,7.146259541704804263e+00,1.000000000000000000e+00
1.000000000000000000e+00,2.545678814756111019e-02,3.562253511644521923e-03
2.000000000000000000e+00,2.203161271151773475e-11,3.082957256582076921e-12
