iteration,absolute,relative
0.000000000000000000e+00,5.041865372053127459e+01,1.000000000000000000e+00
1.000000000000000000e+00,4.892290304171293402e-01,9.703333871802839738e-03
2.000000000000000000e+00,1.689515493839835122e-04,3.350973041058884157e-06
3.000000000000000000e+00,2.090963525577294826e-11,4.147202218384148282e-13
