iteration,absolute,relative
0.000000000000000000e+00,8.754988980542744770e+00,1.000000000000000000e+00
1.000000000000000000e+00,8.830764504416265329e-03,1.008655124985528232e-03
2.000000000000000000e+00,2.062608391879179416e-11,2.355923458571061224e-12
