iteration,absolute,relative
0.000000000000000000e+00,8.809009532211911164e+02,1.000000000000000000e+00
1.000000000000000000e+00,2.164529242683195420e+01,2.457176638041041680e-02
2.000000000000000000e+00,9.873417392772990131e-02,1.120831729908891415e-04
3.000000000000000000e+00,2.203195013821277980e-11,2.501070075772824683e-14
