iteration,absolute,relative
0.000000000000000000e+00,9.400682914036540438e+00,1.000000000000000000e+00
1.000000000000000000e+00,3.512824770827416287e-02,3.736776150147852731e-03
2.000000000000000000e+00,1.622270568202123425e-07,1.725694380968690592e-08
