iteration,absolute,relative
0.000000000000000000e+00,6.606355788120441552e+00,1.000000000000000000e+00
1.000000000000000000e+00,7.178022032133375002e-03,1.086532766679158390e-03
2.000000000000000000e+00,1.218487741771098765e-08,1.844417377523301344e-09
