iteration,absolute,relative
0.000000000000000000e+00,7.090559753004459509e+00,1.000000000000000000e+00
1.000000000000000000e+00,6.908067123641723102e-03,9.742625919927676769e-04
2.000000000000000000e+00,3.664077862900294112e-06,5.167543875993325586e-07
3.000000000000000000e+00,2.216744156524525937e-11,3.126331677249080887e-12
