iteration,absolute,relative
0.000000000000000000e+00,7.827590854264695253e+00,1.000000000000000000e+00
1.000000000000000000e+00,1.600501696134793220e-02,2.044692582856185055e-03
2.000000000000000000e+00,2.032462885741068096e-11,2.596536946784494117e-12
