iteration,absolute,relative
0.000000000000000000e+00,1.627800984107806992e-01,1.000000000000000000e+00
1.000000000000000000e+00,1.181895225744383438e-07,7.260686271130231382e-07
