iteration,absolute,relative
0.000000000000000000e+00,1.639773043848556655e-01,1.000000000000000000e+00
1.000000000000000000e+00,1.821877496809012049e-07,1.111054669207791829e-06
