iteration,absolute,relative
0.000000000000000000e+00,1.077114861477409022e+03,1.000000000000000000e+00
1.000000000000000000e+00,2.372436699179313635e+01,2.202584686209969542e-02
2.000000000000000000e+00,9.424667645175084651e-03,8.749918864036352641e-06
3.000000000000000000e+00,3.765358571889174590e-09,3.495781839575098611e-12
