iteration,absolute,relative
0.000000000000000000e+00,1.281855604175021202e-01,1.000000000000000000e+00
1.000000000000000000e+00,1.137265245038821295e-07,8.872023037031104489e-07
