iteration,absolute,relative
0.000000000000000000e+00,1.317929118845785896e-01,1.000000000000000000e+00
1.000000000000000000e+00,1.388454994304719182e-07,1.053512646811156528e-06
