iteration,absolute,relative
0.000000000000000000e+00,1.549814606142073947e-01,1.000000000000000000e+00
1.000000000000000000e+00,1.755147023982723752e-07,1.132488374433236312e-06
