iteration,absolute,relative
0.000000000000000000e+00,1.381540021976448707e-01,1.000000000000000000e+00
1.000000000000000000e+00,9.785733942786915053e-08,7.083206991562445183e-07
