iteration,absolute,relative
0.000000000000000000e+00,1.678421540453610417e-01,1.000000000000000000e+00
1.000000000000000000e+00,1.830588246913352635e-07,1.090660601518863700e-06
