iteration,absolute,relative
0.000000000000000000e+00,8.981204025241179778e+00,1.000000000000000000e+00
1.000000000000000000e+00,4.576101906522587960e-04,5.095198699040468930e-05
2.000000000000000000e+00,1.372365424078687205e-11,1.528041697106234029e-12
