iteration,absolute,relative
0.000000000000000000e+00,1.428675272481630953e-01,1.000000000000000000e+00
1.000000000000000000e+00,1.608161376487999170e-07,1.125631140584240718e-06
