iteration,absolute,relative
0.000000000000000000e+00,1.931752095890331977e-01,1.000000000000000000e+00
1.000000000000000000e+00,2.914205388397679897e-07,1.508581455455619244e-06
