iteration,absolute,relative
0.000000000000000000e+00,1.165677253997916296e+03,1.000000000000000000e+00
1.000000000000000000e+00,2.970477497902869857e+01,2.548284688334649314e-02
2.000000000000000000e+00,2.396026248047229343e-02,2.055479970832057096e-05
3.000000000000000000e+00,1.500683192173274221e-08,1.287391674690734524e-11
