iteration,absolute,relative
0.000000000000000000e+00,2.212125045933275302e-01,1.000000000000000000e+00
1.000000000000000000e+00,4.022019464850512003e-07,1.818170031682661374e-06
