iteration,absolute,relative
0.000000000000000000e+00,1.881306295266086392e-01,1.000000000000000000e+00
1.000000000000000000e+00,2.983341176831553694e-07,1.585781743429290352e-06
