iteration,absolute,relative
0.000000000000000000e+00,1.990304531202863880e-01,1.000000000000000000e+00
1.000000000000000000e+00,2.704369016461918135e-07,1.358771471432816868e-06
