iteration,absolute,relative
0.000000000000000000e+00,2.010746412547721740e-01,1.000000000000000000e+00
1.000000000000000000e+00,3.133785341139592240e-07,1.558518429566123603e-06
