iteration,absolute,relative
0.000000000000000000e+00,1.910277053734905639e-01,1.000000000000000000e+00
1.000000000000000000e+00,2.902034984400868481e-07,1.519169682076698332e-06
