iteration,absolute,relative
0.000000000000000000e+00,1.894034668686219447e-01,1.000000000000000000e+00
1.000000000000000000e+00,3.031852156822716027e-07,1.600737413600635786e-06
