iteration,absolute,relative
0.000000000000000000e+00,2.064911453871846048e-01,1.000000000000000000e+00
1.000000000000000000e+00,2.577811282573299180e-07,1.248388291778677354e-06
