iteration,absolute,relative
0.000000000000000000e+00,1.186073257641024981e+01,1.000000000000000000e+00
1.000000000000000000e+00,5.873814747770672627e-04,4.952320364640100522e-05
2.000000000000000000e+00,1.315823855859915705e-11,1.109395096283471547e-12
