iteration,absolute,relative
0.000000000000000000e+00,5.782328900398377852e-02,1.000000000000000000e+00
1.000000000000000000e+00,1.362698594791711824e-06,2.356660470658851144e-05
2.000000000000000000e+00,8.976665703430007101e-14,1.552430838517600335e-12
