iteration,absolute,relative
0.000000000000000000e+00,3.184166628416680300e-01,1.000000000000000000e+00
1.000000000000000000e+00,4.903254704344560443e-05,1.539886342814506892e-04
2.000000000000000000e+00,1.171810562210996860e-12,3.680116962954533058e-12
