iteration,absolute,relative
0.000000000000000000e+00,9.193815549516667560e-03,1.000000000000000000e+00
1.000000000000000000e+00,3.131261315411580139e-08,3.405834387852381091e-06
