iteration,absolute,relative
0.000000000000000000e+00,8.757544991685354413e-03,1.000000000000000000e+00
1.000000000000000000e+00,2.832361880929698098e-08,3.234196208662150746e-06
