iteration,absolute,relative
0.000000000000000000e+00,1.163457056729610833e-01,1.000000000000000000e+00
1.000000000000000000e+00,5.820888726303360202e-06,5.003097185783062162e-05
2.000000000000000000e+00,8.633474854345907619e-14,7.420535897228513041e-13
