iteration,absolute,relative
0.000000000000000000e+00,6.398842607543707255e-03,1.000000000000000000e+00
1.000000000000000000e+00,1.475151044421175300e-08,2.305340410595650536e-06
