iteration,absolute,relative
0.000000000000000000e+00,2.576955764662550163e-01,1.000000000000000000e+00
1.000000000000000000e+00,3.119138196958056504e-05,1.210396483994945281e-04
2.000000000000000000e+00,4.670856030372459196e-13,1.812548005062129307e-12
