iteration,absolute,relative
0.000000000000000000e+00,1.168323708234259328e+01,1.000000000000000000e+00
1.000000000000000000e+00,8.109736650163211491e-02,6.941343904096429658e-03
2.000000000000000000e+00,3.752142048796929358e-06,3.211560308459127431e-07
3.000000000000000000e+00,7.608022964863222620e-14,6.511913531534486610e-15
