iteration,absolute,relative
0.000000000000000000e+00,2.797565206128221210e-02,1.000000000000000000e+00
1.000000000000000000e+00,3.063779322925172006e-07,1.095159217813330742e-05
