iteration,absolute,relative
0.000000000000000000e+00,3.948727041499147661e-01,1.000000000000000000e+00
1.000000000000000000e+00,7.786391071529191299e-05,1.971873717706519775e-04
2.000000000000000000e+00,3.023879596439530307e-12,7.657859266188995134e-12
