iteration,absolute,relative
0.000000000000000000e+00,6.821519810204826340e-02,1.000000000000000000e+00
1.000000000000000000e+00,1.917594395883751153e-06,2.811095546501348434e-05
2.000000000000000000e+00,8.311105363601327840e-14,1.218365642091681492e-12
