iteration,absolute,relative
0.000000000000000000e+00,7.196657585821776039e-03,1.000000000000000000e+00
1.000000000000000000e+00,1.885468437347238830e-08,2.619922394337370496e-06
