iteration,absolute,relative
0.000000000000000000e+00,8.371628196528977869e-03,1.000000000000000000e+00
1.000000000000000000e+00,2.580462007492724387e-08,3.082389646213180665e-06
