iteration,absolute,relative
0.000000000000000000e+00,5.944668482200462026e-03,1.000000000000000000e+00
1.000000000000000000e+00,1.263873510627846445e-08,2.126062226030163104e-06
