iteration,absolute,relative
0.000000000000000000e+00,1.025581333668180994e-02,1.000000000000000000e+00
1.000000000000000000e+00,3.921748610193053779e-08,3.823927446267177660e-06
