iteration,absolute,relative
0.000000000000000000e+00,6.573827406988710931e-03,1.000000000000000000e+00
1.000000000000000000e+00,1.560878785975577514e-08,2.374383581041676698e-06
