iteration,absolute,relative
0.000000000000000000e+00,1.610278265101291670e-02,1.000000000000000000e+00
1.000000000000000000e+00,9.890594005328759025e-08,6.142164506397662517e-06
