iteration,absolute,relative
0.000000000000000000e+00,4.237696988246239527e-02,1.000000000000000000e+00
1.000000000000000000e+00,7.183816333128231895e-07,1.695217084433693085e-05
