iteration,absolute,relative
0.000000000000000000e+00,1.252381498918610225e-02,1.000000000000000000e+00
1.000000000000000000e+00,5.910495736953194217e-08,4.719405182890924955e-06
