iteration,absolute,relative
0.000000000000000000e+00,6.085760470549437043e-03,1.000000000000000000e+00
1.000000000000000000e+00,1.327767734673835610e-08,2.181761410261290609e-06
