iteration,absolute,relative
0.000000000000000000e+00,5.812244083891865941e-03,1.000000000000000000e+00
1.000000000000000000e+00,1.205339327102849380e-08,2.073793374306738847e-06
