iteration,absolute,relative
0.000000000000000000e+00,3.120066128895704270e-13,1.000000000000000000e+00
