iteration,absolute,relative
0.000000000000000000e+00,2.922801519913112998e+02,1.000000000000000000e+00
1.000000000000000000e+00,1.141582252508511743e+02,3.905780959572129896e-01
2.000000000000000000e+00,1.560033064447852135e-13,5.337458099085112753e-16
