iteration,absolute,relative
0.000000000000000000e+00,2.196575059881609310e-02,1.000000000000000000e+00
1.000000000000000000e+00,1.867166208146508925e-07,8.500352399736092575e-06
