iteration,absolute,relative
0.000000000000000000e+00,8.028445519712235426e-03,1.000000000000000000e+00
1.000000000000000000e+00,2.366284116709149667e-08,2.947375193490712920e-06
