iteration,absolute,relative
0.000000000000000000e+00,7.819714406917807715e-13,1.000000000000000000e+00
