iteration,absolute,relative
0.000000000000000000e+00,9.677276167640687377e-02,1.000000000000000000e+00
1.000000000000000000e+00,3.963178329569101184e-06,4.095344868653594288e-05
2.000000000000000000e+00,8.814186408910733850e-14,9.108127386489193361e-13
