iteration,absolute,relative
0.000000000000000000e+00,1.165531447234168308e-02,1.000000000000000000e+00
1.000000000000000000e+00,5.100355322786553885e-08,4.375991171143265840e-06
