iteration,absolute,relative
0.000000000000000000e+00,7.445858055533761261e-03,1.000000000000000000e+00
1.000000000000000000e+00,2.023840372711440835e-08,2.718075415374488236e-06
