iteration,absolute,relative
0.000000000000000000e+00,3.190648218866256464e-02,1.000000000000000000e+00
1.000000000000000000e+00,4.011386091241821643e-07,1.257232329005295596e-05
