iteration,absolute,relative
0.000000000000000000e+00,1.967008021422725003e-02,1.000000000000000000e+00
1.000000000000000000e+00,1.489610110081060720e-07,7.572974252558638076e-06
