iteration,absolute,relative
0.000000000000000000e+00,6.236693083034281458e-03,1.000000000000000000e+00
1.000000000000000000e+00,1.397857293544952344e-08,2.241343729656271127e-06
