iteration,absolute,relative
0.000000000000000000e+00,6.970276349964870527e-03,1.000000000000000000e+00
1.000000000000000000e+00,1.763980013722369197e-08,2.530717471096048590e-06
