iteration,absolute,relative
0.000000000000000000e+00,6.202667211998856857e-13,1.000000000000000000e+00
