iteration,absolute,relative
0.000000000000000000e+00,5.544956660221867645e-02,1.000000000000000000e+00
1.000000000000000000e+00,4.395928482559796421e-09,7.927795926873672745e-08
