iteration,absolute,relative
0.000000000000000000e+00,7.958983755253951076e-02,1.000000000000000000e+00
1.000000000000000000e+00,1.294291575216781467e-08,1.626202056716578846e-07
