iteration,absolute,relative
0.000000000000000000e+00,4.971814122014880932e-02,1.000000000000000000e+00
1.000000000000000000e+00,2.344330224626915466e-09,4.715241091267608422e-08
