iteration,absolute,relative
0.000000000000000000e+00,4.998531909748379909e-02,1.000000000000000000e+00
1.000000000000000000e+00,1.821516343071156762e-09,3.644102660460658248e-08
