iteration,absolute,relative
0.000000000000000000e+00,1.450190899206898848e+03,1.000000000000000000e+00
1.000000000000000000e+00,3.757288652922603944e+00,2.590892450764546804e-03
2.000000000000000000e+00,6.359843440128029731e-05,4.385521550029166272e-08
3.000000000000000000e+00,1.163937574743751523e-11,8.026099014828340101e-15
