iteration,absolute,relative
0.000000000000000000e+00,3.615356785183445165e+00,1.000000000000000000e+00
1.000000000000000000e+00,2.543393603187349983e-05,7.034972630117048532e-06
2.000000000000000000e+00,1.280091448079524755e-11,3.540705728755819752e-12
