iteration,absolute,relative
0.000000000000000000e+00,7.248099728219635496e-02,1.000000000000000000e+00
1.000000000000000000e+00,1.029160999635886033e-08,1.419904579443032526e-07
