iteration,absolute,relative
0.000000000000000000e+00,7.166418976495075865e-02,1.000000000000000000e+00
1.000000000000000000e+00,1.194000114818034584e-08,1.666104254766850899e-07
