iteration,absolute,relative
0.000000000000000000e+00,6.390705469750562751e-02,1.000000000000000000e+00
1.000000000000000000e+00,7.216588824049309982e-09,1.129231953844210367e-07
