iteration,absolute,relative
0.000000000000000000e+00,5.778539986702360687e-02,1.000000000000000000e+00
1.000000000000000000e+00,5.108113132584844431e-09,8.839798884042838453e-08
